{"cameraMode":{"drawMode":0,"name":"Shaded","section":"Shading Mode"},"sceneLighting":true,"audioPlay":false,"sceneViewState":{"m_AlwaysRefresh":false,"showFog":true,"showSkybox":true,"showFlares":true,"showImageEffects":true,"showParticleSystems":true,"showVisualEffectGraphs":true,"m_FxEnabled":true},"in2DMode":false,"pivot":{"x":-3.2167415618896486,"y":4.411432266235352,"z":-1.2016510963439942},"rotation":{"x":0.01761751063168049,"y":0.8228580355644226,"z":0.025023337453603746,"w":-0.5677200555801392},"size":12.147375106811524,"orthographic":false}