{"cameraMode":{"drawMode":0,"name":"Shaded","section":"Shading Mode"},"sceneLighting":true,"audioPlay":false,"sceneViewState":{"m_AlwaysRefresh":false,"showFog":true,"showSkybox":true,"showFlares":true,"showImageEffects":true,"showParticleSystems":true,"showVisualEffectGraphs":true,"m_FxEnabled":true},"in2DMode":false,"pivot":{"x":3.8272500038146974,"y":0.5731973648071289,"z":3.0179996490478517},"rotation":{"x":0.023054638877511026,"y":0.9193035364151001,"z":0.05438515916466713,"w":-0.38923218846321108},"size":1.114248514175415,"orthographic":false}