{"cameraMode":{"drawMode":0,"name":"Shaded","section":"Shading Mode"},"sceneLighting":true,"audioPlay":false,"sceneViewState":{"m_AlwaysRefresh":false,"showFog":true,"showSkybox":true,"showFlares":true,"showImageEffects":true,"showParticleSystems":true,"showVisualEffectGraphs":true,"m_FxEnabled":true},"in2DMode":false,"pivot":{"x":-14.485978126525879,"y":1.718805193901062,"z":5.6628828048706059},"rotation":{"x":-0.0007799908635206521,"y":0.4936698377132416,"z":-0.00044618529500439763,"w":-0.8697012066841126},"size":25.095378875732423,"orthographic":false}