{"cameraMode":{"drawMode":0,"name":"Shaded","section":"Shading Mode"},"sceneLighting":true,"audioPlay":false,"sceneViewState":{"m_AlwaysRefresh":false,"showFog":true,"showSkybox":true,"showFlares":true,"showImageEffects":true,"showParticleSystems":true,"showVisualEffectGraphs":true,"m_FxEnabled":true},"in2DMode":false,"pivot":{"x":2.186500310897827,"y":5.360881328582764,"z":3.0663368701934816},"rotation":{"x":0.030592763796448709,"y":0.019774354994297029,"z":0.0005887334700673819,"w":-0.9994103908538818},"size":2.1300289630889894,"orthographic":false}