{"cameraMode":{"drawMode":0,"name":"Shaded","section":"Shading Mode"},"sceneLighting":true,"audioPlay":false,"sceneViewState":{"m_AlwaysRefresh":false,"showFog":true,"showSkybox":true,"showFlares":true,"showImageEffects":true,"showParticleSystems":true,"showVisualEffectGraphs":true,"m_FxEnabled":true},"in2DMode":false,"pivot":{"x":11.356596946716309,"y":10.192991256713868,"z":0.5312290191650391},"rotation":{"x":0.1321970522403717,"y":-0.015768134966492654,"z":-0.002103352453559637,"w":-0.9910984635353088},"size":16.499570846557618,"orthographic":false}